prenom,nom,age,sexe
Paige,Oldknowe,95,Male
Sullivan,Harlin,86,Male
Deanne,Hindmoor,76,Female
Berrie,Hazelgrove,80,Female
Patten,Crab,1,Male
Aurthur,Allso,49,Male
Chad,Tallant,97,Male
Demetri,McCathay,30,Male
Barr,Neles,80,Male
Ches,Chatwin,79,Male
Maxim,Ivel,67,Male
Agathe,Dubery,85,Female
Bard,Thirst,87,Male
Bar,Fritschmann,38,Male
Sigmund,Yedy,37,Male
Esmeralda,Draisey,51,Female
Aeriel,Marten,2,Female
Constantia,Venart,87,Female
Chad,Bone,20,Male
Berry,Benkhe,54,Female
Ranna,MacCarlich,3,Female
Craggie,Sidgwick,71,Male
Tom,Pettet,50,Male
Terra,Tremble,39,Female
Mariya,Dilawey,8,Female
Lorettalorna,Willmetts,65,Female
Bernadine,Dymock,76,Female
Nathanial,Bryant,72,Male
Neel,Glandon,27,Male
Donella,Brunskill,6,Female
Myrvyn,Hatfield,54,Male
Wilhelmina,Ashman,100,Female
Goober,Hellings,50,Male
Lyndell,Orrock,33,Female
Guglielmo,Vinson,22,Male
Tallulah,Wheelband,5,Female
Jo ann,Illingworth,20,Female
Isidoro,Swaden,33,Male
Alphard,Bricket,20,Male
Ephrem,Ost,88,Male
Arte,Tavner,3,Male
Alissa,Jennemann,89,Female
Grier,Stiant,15,Female
Marlena,Manvelle,37,Female
Owen,Lurcock,34,Male
Netta,Boulter,99,Female
Courtenay,Kopps,66,Female
Kimberlyn,Nutbeam,53,Female
Nicolas,Stegell,87,Male
Mufinella,Knevet,47,Female
Keen,Dominguez,41,Male
Bowie,Vinter,16,Male
Therese,Cozins,94,Female
Mario,Hartland,73,Male
Omar,Oliver,5,Male
Dud,Hatherleigh,39,Male
Netty,Gage,9,Female
Suellen,Brouncker,23,Female
Risa,Schultze,20,Female
Johny,Nehls,66,Male
Roseann,Hamblington,57,Female
Bern,Beirne,37,Male
Henri,Girth,70,Male
Abran,Berthelet,78,Male
Ivory,Birchwood,41,Female
Halsey,Shurmer,69,Male
Giovanna,MacKilroe,56,Female
Leesa,Lyes,34,Female
Cassey,Quinnelly,28,Female
Filippa,Malbon,69,Female
Hillery,Yuryaev,90,Male
Debbie,Coll,78,Female
Sterling,Gumery,70,Male
Iosep,Treble,95,Male
Emory,Collisson,12,Male
Nonie,Bedinn,80,Female
Niccolo,Durban,5,Male
Theodor,Scase,70,Male
Fabiano,Elnor,18,Male
Stacie,Reddan,62,Female
Marga,Cockrell,77,Female
Marrissa,Volonte,21,Female
Valerie,McNeigh,43,Female
Bealle,Onslow,98,Male
Austine,Forsbey,73,Female
Abel,Gurnett,64,Male
Byrle,Beernt,15,Male
Glyn,Trevenu,75,Female
Kitty,Saffle,32,Female
Willa,Poe,47,Female
Jozef,Peltzer,74,Male
Neddy,Batters,51,Male
Zola,Riquet,21,Female
Charlie,Opie,34,Male
Mahalia,Guinan,63,Female
Sheilakathryn,Cheng,48,Female
Germaine,Langley,97,Female
Beale,Bestman,56,Male
Annabelle,Hindshaw,78,Female
Corbet,Derrell,29,Male
Nappy,Gratrex,10,Male
Clarance,Dowsett,66,Male
Issie,Galero,7,Female
Barnaby,McMurray,98,Male
Sam,Jurn,70,Female
Algernon,Calvie,26,Male
Nolana,Klimuk,98,Female
Pincas,Ranstead,30,Male
Aron,Petrusch,69,Male
Douglas,Shaw,19,Male
Jennee,Aslet,83,Female
Gilly,Dregan,68,Female
Aguistin,Fazzioli,94,Male
Nikolai,Rapley,80,Male
Margareta,Rocca,37,Female
Dianna,Gotcliffe,22,Female
Adrian,Enns,42,Female
Clara,Kestle,80,Female
Karoly,Bateson,49,Female
Ferdinanda,Twelftree,6,Female
Worthy,Steiner,96,Male
Marline,Gregh,77,Female
Aurora,Cowsby,19,Female
Hunfredo,Tarbert,45,Male
Papageno,Lazarus,26,Male
Carlynne,Bailey,41,Female
Maressa,Davage,78,Female
Kingsley,Schiesterl,79,Male
Nicolina,Logue,41,Female
Bartholomeo,Di Francesco,28,Male
Dyana,Dowthwaite,11,Female
Mab,Lagneaux,53,Female
Hester,McPaik,11,Female
Mattie,Marrison,44,Male
Doe,Rawlins,56,Female
Drucy,Killelay,43,Female
Leonanie,Alstead,9,Female
Annabella,Ausher,80,Female
Luisa,Hurl,92,Female
Andris,Forton,83,Male
Ivor,Beels,16,Male
Udall,Eakens,94,Male
Dewain,Duell,84,Male
Constancia,Dooman,62,Female
Leonhard,Cathery,40,Male
Forest,Balcombe,88,Male
Blaine,Borne,87,Male
Herve,Clausson,85,Male
Clint,Wybrew,70,Male
Howey,Dabernott,76,Male
Zarah,Berlin,1,Female
Joice,Tomkowicz,71,Female
Brigid,Dimnage,16,Female
Godfry,Pohlak,79,Male
Kele,Scardifeild,33,Male
Leonard,Salmond,30,Male
Xever,Burghall,100,Male
Tadeas,Corday,7,Male
Mavra,Tanser,13,Female
Brittni,Climo,81,Female
Timmy,Synnott,1,Male
Dorie,Marquez,76,Female
Anthea,Linham,99,Female
Dara,Francescotti,72,Female
Lannie,Bedin,43,Male
Frederica,Newcomen,22,Female
Dorolice,Janak,98,Female
Vassily,von Nassau,39,Male
Modestine,Allwright,17,Female
Conn,Jurkowski,8,Male
Waldemar,Hylden,93,Male
Rudie,Huckle,87,Male
Merrill,Corrett,55,Female
Fabiano,Choat,24,Male
Elane,Jindracek,59,Female
Adel,Crutchley,56,Female
Caitlin,Lowrie,56,Female
Jack,McTerlagh,75,Male
Clerissa,Hanscom,7,Female
Gerianne,Darch,40,Female
Jenny,Northidge,37,Female
Deck,Cherrett,85,Male
Shana,Camellini,78,Female
Margalo,Vowden,24,Female
Abram,Voules,20,Male
Moe,Leadston,14,Male
Crysta,Levi,71,Female
August,Schouthede,71,Male
Anthe,Wohler,56,Female
Sherwin,Rockey,49,Male
Tiler,Demanche,37,Male
Vick,Macbeth,67,Male
Feodor,Kopmann,81,Male
Linnie,Measham,79,Female
Margaretha,Pollitt,15,Female
Ignacius,Jeannin,49,Male
Cliff,Whild,4,Male
Tasia,Holwell,69,Female
Delia,Kill,62,Female
Carmita,Mantz,51,Female
Orville,Goodsell,58,Male
Way,Randleson,47,Male
Carr,Bellringer,80,Male
Ellissa,Aspital,48,Female
Marion,Catlette,77,Female
Malynda,Calvey,80,Female
Jaime,Ibel,42,Female
Burt,McGahern,82,Male
Marv,Yitzovitz,82,Male
Elga,Colman,18,Female
Mort,Charer,22,Male
Zena,Worner,9,Female
Katharine,Geelan,14,Female
Blakelee,Pecht,5,Female
Cynthia,O'Beirne,71,Female
Leo,Muro,58,Male
Allene,Rippingale,32,Female
Hagen,Gresham,25,Male
Xylia,Doby,100,Female
Averill,Gelletly,72,Male
Newton,Barti,11,Male
Chuck,Ber,8,Male
Libbi,Peniman,71,Female
Kendall,Renzini,78,Male
Dulsea,Estrella,21,Female
Tildy,Gianilli,35,Female
Penrod,Whiscard,66,Male
Becki,Maciejewski,28,Female
Kathryn,Russel,43,Female
Anatol,Niezen,97,Male
Dot,Seneschal,39,Female
Durand,Trembley,22,Male
Sebastien,Leech,98,Male
Conn,Jenkin,42,Male
Michale,Mosley,36,Male
Pacorro,Catherall,21,Male
Spenser,Holburn,3,Male
Rem,Newart,80,Male
Devlin,Watkinson,48,Male
Vernon,Mathouse,26,Male
Elvyn,Doornbos,36,Male
Raoul,Triswell,1,Male
Erma,Morena,89,Female
Paige,Dunthorne,64,Male
Anne,Wibrew,98,Female
Evin,Liles,14,Male
Demetre,Boulsher,52,Male
Dania,Parslow,3,Female
Horatia,Weatherell,75,Female
Olin,Lis,48,Male
Milicent,Gorler,63,Female
Hallie,Featley,90,Female
Sophie,Clague,89,Female
Scot,Ottery,75,Male
Meredith,Petteford,65,Male
Brose,Feldbaum,97,Male
Magdaia,Dodimead,100,Female
Kenon,Seyfart,1,Male
Ibbie,Yong,45,Female
Cathlene,Pillman,15,Female
Rodney,Yankov,6,Male
Dennet,Garfitt,24,Male
Malachi,Mayhew,33,Male
Blanche,Sharper,17,Female
Minny,Entissle,71,Female
Harp,Coopper,66,Male
Doralynne,Kahan,59,Female
Jehanna,Redemile,92,Female
Free,Mutch,81,Male
Remus,Molines,22,Male
Ruby,Montfort,95,Female
Clerissa,Fetherston,91,Female
Claribel,Bernasek,18,Female
Aylmar,Notley,37,Male
Elsworth,Pawnsford,6,Male
Granville,Lightewood,39,Male
Walliw,Stucke,43,Female
Zoe,Bogies,40,Female
Bealle,Bremond,97,Male
Jared,Weildish,64,Male
Avrom,Feragh,39,Male
Ainslee,Lenz,77,Female
Milzie,Rentcome,12,Female
William,Fieldgate,75,Male
Dewey,Custed,49,Male
Pattie,Pavelka,68,Female
Carleen,Lunnon,16,Female
Nicolas,Dudden,34,Male
Giacomo,Dwane,11,Male
Garrot,Rotherforth,82,Male
Pierre,Erdely,91,Male
Kissiah,Boone,21,Female
Gilbertina,Misselbrook,84,Female
Boycie,Dorling,69,Male
Corabel,Boote,76,Female
Hayes,Midlar,89,Male
Consuela,Bason,100,Female
Sibel,Butters,10,Female
Man,Ferronier,8,Male
Conrade,Serjent,85,Male
Odelinda,Boylin,39,Female
Hussein,Roycraft,45,Male
Harmonie,Mateescu,63,Female
Chelsea,Eberdt,55,Female
Alvan,Stansall,69,Male
Jackquelin,Leyshon,44,Female
Hall,Crick,76,Male
Osbourn,Sandilands,66,Male
Basil,Addinall,7,Male
Benoit,Felton,3,Male
Dianne,Plumbridge,5,Female
Pebrook,Conford,31,Male
Natty,Wibberley,35,Male
Brana,Franceschi,100,Female
Jaclin,Siveyer,18,Female
Bo,Cogman,3,Male
Ailee,Henryson,88,Female
Leoline,Teacy,34,Female
Donaugh,Jukubczak,43,Male
Jeana,Insole,89,Female
Erny,Mennell,67,Male
Amelina,Greenhill,53,Female
Patsy,Licence,24,Female
Silvester,Nano,33,Male
Carey,Holhouse,52,Male
Karylin,Dwight,61,Female
Ginger,Tingey,87,Female
Fidole,Youel,29,Male
Ashlen,Jarrett,97,Female
Eleonora,Goodding,53,Female
Olva,Knappitt,94,Female
Carson,Sowley,37,Male
Erv,Talks,22,Male
Barn,Hannabuss,9,Male
Jason,Daniely,40,Male
Donnajean,Eick,92,Female
Helyn,Dilland,6,Female
Marilee,Dumphy,88,Female
Celestia,Rolling,86,Female
Nataline,Rapin,71,Female
Pammie,Pixton,82,Female
Windham,McClory,82,Male
Collie,Piscopiello,45,Female
Muire,Lamey,100,Female
Sybilla,Norree,43,Female
Tommie,Formoy,66,Male
Ramsey,Kevlin,25,Male
Stavro,Sola,30,Male
Suzie,Handy,80,Female
Neal,Genthner,15,Male
Clarita,Van Velde,47,Female
Porter,Crimes,19,Male
Forester,Ragate,18,Male
Christabella,Trappe,49,Female
Katuscha,Perrott,45,Female
Stepha,Dran,56,Female
Rey,Busek,66,Male
Matthieu,Kingescot,93,Male
Elwin,Routh,95,Male
Kristan,Strettell,51,Female
Samantha,Sheaf,38,Female
Merwin,Lillegard,49,Male
Anabella,Divisek,51,Female
Maxy,Giacopetti,65,Male
Cordie,Nel,49,Male
Phil,Ebanks,24,Male
Heddi,Hannigane,90,Female
Bruis,Elstone,19,Male
Doyle,Belcham,91,Male
Bengt,Rowes,45,Male
Randi,Gwyn,44,Male
Ricca,Gwillym,29,Female
Zea,Connew,96,Female
Ardelle,Heatly,98,Female
Clerc,Jedrzaszkiewicz,85,Male
Florrie,Betz,46,Female
Rudyard,McNulty,8,Male
Stanfield,Roome,87,Male
Rosabella,Mayor,19,Female
Lorri,Episcopi,81,Female
Ariela,Giuroni,40,Female
Elihu,Thomesson,1,Male
Ford,Rofe,25,Male
Joyan,Laban,29,Female
Torrin,Cowely,57,Male
Ynes,Craw,69,Female
Constanta,Flood,11,Female
Morie,Dennis,29,Male
Tommie,Aurelius,54,Female
Lelia,Bannister,5,Female
Hyacintha,Graeber,90,Female
Dominik,Hinkensen,94,Male
Annabal,Syplus,89,Female
Chastity,Kenton,8,Female
Oren,Leeke,28,Male
Phillipp,McCarron,89,Male
Sheelagh,Mellmer,67,Female
Bearnard,Methven,75,Male
Marchall,Stotherfield,97,Male
Deirdre,Betun,80,Female
Pierette,Basnall,55,Female
Josi,Adamov,82,Female
Alis,Porker,20,Female
Yasmeen,Pinsent,45,Female
Peirce,Auden,75,Male
Petunia,Mitcham,8,Female
Giulio,Burstow,100,Male
Modestine,Jirusek,35,Female
Seumas,Yoskowitz,31,Male
Merle,Dovermann,27,Female
Chas,Craine,85,Male
Marthe,Duffil,81,Female
Carlie,Rubenov,68,Female
Elsey,Gilhoolie,23,Female
Taber,Clayton,28,Male
Dee,Terrazzo,45,Female
Faun,Clemencon,77,Female
Dyane,Benns,39,Female
Marsiella,Feathersby,21,Female
Keenan,Vedyasov,88,Male
Berta,Borgnol,19,Female
Doug,Eady,92,Male
Dottie,Leguey,98,Female
Conway,Rait,50,Male
Jerald,Richemond,12,Male
Bent,Brosnan,29,Male
Arel,Northidge,57,Male
Annis,Plum,3,Female
Melba,Edson,82,Female
Oby,Spenton,3,Male
Brennan,Steiner,77,Male
Frants,Strevens,59,Male
Linnie,McCrum,49,Female
Barnard,Harold,39,Male
Llewellyn,Astlett,3,Male
Josepha,Clohessy,27,Female
Ernesto,Leidl,36,Male
Vannie,Imm,29,Female
Pierce,Moen,28,Male
Sisile,Want,54,Female
Fayth,Offen,2,Female
Shandy,Scotchford,68,Female
Aurthur,Evequot,44,Male
Eldin,Peasee,44,Male
Jeremiah,McKeggie,83,Male
Shurlocke,Gomm,79,Male
Lorrie,Mayzes,28,Male
Sayers,Agett,13,Male
Kienan,Kleinstein,12,Male
Drusie,Stubbe,67,Female
Perry,Jaher,42,Male
Janelle,Swateridge,57,Female
Obadias,Sowrey,12,Male
Garv,Critchlow,84,Male
Audra,Kiffe,82,Female
Ina,Cottis,2,Female
Timmie,Sizland,8,Male
Tedra,Fellon,81,Female
Alaster,Beautyman,59,Male
Archer,Noods,22,Male
Storm,Bodsworth,74,Female
Aurel,Fayerbrother,94,Female
Nolie,Bruckenthal,38,Female
Christiano,Bidder,4,Male
Gregor,Deuss,78,Male
Allyson,Scarce,38,Female
Any,Clampin,22,Male
Gordon,Seebright,79,Male
Guglielma,Daid,68,Female
Ignacius,Vanin,17,Male
Pierson,Walthew,64,Male
Palm,Laurentin,96,Male
Ilysa,Longfield,85,Female
Sascha,Attwill,32,Female
Adelaida,Noor,9,Female
Ellsworth,Salisbury,96,Male
Nealon,Rochelle,32,Male
Bay,Hassell,94,Male
Reese,Gensavage,91,Male
Yul,Chaffin,46,Male
Carver,Normandale,94,Male
Madelaine,Pengelley,11,Female
Dorian,Scutt,90,Male
Dusty,O'Kenny,60,Female
Silvester,Chaperlin,50,Male
Mata,Fresson,58,Male
Klarrisa,Kildahl,7,Female
Torey,Dangerfield,21,Female
Arvie,Swash,45,Male
Didi,Scamadin,95,Female
Manny,Broxis,9,Male
Collin,Soeiro,24,Male
Oran,MacMeanma,6,Male
Shayne,Abelov,13,Male
Shurlock,Tremaine,59,Male
Maye,Doman,23,Female
Ronalda,Grewcock,52,Female
Cilka,MacDougall,58,Female
Khalil,Meysham,41,Male
Betti,Tidbury,83,Female
Shanda,Colicot,57,Female
Adelheid,MacGowan,80,Female
Ashlan,Merrisson,96,Female
Doria,Skerm,57,Female
Michel,Turri,53,Male
Cece,Stallion,95,Male
Tracy,Weatherdon,2,Male
Agatha,Blaine,55,Female
Brady,Bonnesen,29,Male
Shellysheldon,Bellfield,32,Male
Gwennie,Greenless,14,Female
Brandy,Casperri,35,Male
Catharine,Griffoen,38,Female
Dolly,Shallo,6,Female
Anallise,Matyasik,84,Female
Yvon,Aindriu,88,Male
Bourke,Fairclough,79,Male
Kora,Schwier,78,Female
Maryanne,Vesque,53,Female
Tanny,Sarney,53,Male
Cordell,Luciani,90,Male
Hayden,Tomlett,90,Male
Shepherd,Bettley,43,Male
Gary,Rigden,90,Male
Josh,Reid,99,Male
Catharine,Grcic,35,Female
Gae,Worshall,72,Female
Dene,Von Helmholtz,59,Male
Aldo,Forstall,69,Male
Kristoffer,Scade,1,Male
Gaspar,Greest,78,Male
Yancey,Patinkin,34,Male
Evy,Beaves,31,Female
Cherri,Elacoate,66,Female
Abbe,Emtage,58,Male
Rivi,Axup,63,Female
Edgard,Abby,16,Male
Padraig,Asee,8,Male
Claudian,Beathem,87,Male
Doretta,Crust,51,Female
Margot,Jakoubek,98,Female
Dorelle,Orsay,27,Female
Glynda,Faulkner,24,Female
Merrie,Brown,83,Female
Christos,Mettericke,64,Male
Lanette,Boscott,93,Female
Darnell,Royle,87,Male
Adella,Andrejevic,4,Female
Ambrosius,Dunsleve,63,Male
Artemis,Martin,88,Male
Marcelle,Vashchenko,29,Female
Clarabelle,Feathers,36,Female
Hedvig,Hunston,31,Female
Walden,Schottli,60,Male
Katti,Cutteridge,35,Female
Annamaria,Fransson,37,Female
Efrem,Cuthill,51,Male
Benjamen,De Biasio,18,Male
Nevins,Simonot,80,Male
Milena,Diplock,73,Female
Eda,Mahood,16,Female
Riordan,Coaker,79,Male
Micheline,Le Count,23,Female
Freddy,Egle of Germany,13,Male
Efrem,Munsey,92,Male
Jacklin,Fragino,92,Female
Mavis,Munden,75,Female
Amby,Hartlebury,53,Male
Alick,Daice,30,Male
Perl,Coneau,34,Female
Mahmoud,Moulder,92,Male
Hilliary,Dimic,54,Female
Forest,Alsobrook,5,Male
Inglebert,Livett,39,Male
Wilek,Mileham,61,Male
Pippa,Biscomb,44,Female
Bailie,Seston,45,Male
Bondie,Sim,35,Male
Ange,Longea,43,Female
Shanan,Udie,15,Male
Robbie,Halwell,69,Male
Helen-elizabeth,Staveley,76,Female
Corey,Rawdales,24,Male
Suki,Reardon,63,Female
Melloney,Jean,69,Female
Raleigh,Huntington,32,Male
Maurise,Du Hamel,7,Female
Jacquelynn,Camelli,89,Female
Tallie,Gunthorp,28,Male
Abbi,Crosby,64,Female
Cherida,Prosch,28,Female
Lucinda,Killiner,13,Female
Renard,Cronchey,62,Male
Peadar,Tatterton,95,Male
Wilfrid,Pitchers,76,Male
Dotty,Naisby,96,Female
Flemming,Coakley,23,Male
Kristal,Hoy,27,Female
Antone,Blazey,67,Male
Erminia,Dorney,87,Female
Kristian,Varndall,32,Male
Avram,Lawles,1,Male
Rosemary,Surgener,31,Female
Marline,Cordon,15,Female
Giacobo,Gozzett,39,Male
Shelba,Macewan,95,Female
Larisa,Shortland,27,Female
Arley,Merryman,9,Male
Phillida,Scarlet,25,Female
Ariella,Lishmund,30,Female
Marylou,Christaeas,37,Female
Clea,Conaboy,3,Female
Leonerd,Tiptaft,42,Male
Belita,Snugg,93,Female
Ardyth,Oldis,27,Female
Jena,Hedling,63,Female
Jesse,Aldine,71,Male
Shaine,Elton,47,Female
Sanford,D'Costa,53,Male
Kirbee,McReidy,21,Female
Tait,Holby,18,Male
Shandy,Knutton,81,Female
Chancey,Eburah,38,Male
Nadya,Purcell,7,Female
Nefen,Dugald,35,Male
Connie,Raccio,69,Male
Gussy,Cuberley,16,Female
Gabriel,Trematick,3,Male
Denny,Rase,52,Female
Monika,Gason,38,Female
Cicely,Bartlosz,98,Female
Webb,Dighton,79,Male
Inglis,Dunthorne,70,Male
Doug,Kennet,56,Male
Arlana,Rowena,31,Female
Horatia,McGuire,100,Female
Cristabel,Korba,4,Female
Jecho,Truesdale,51,Male
Cordula,Flecknoe,23,Female
Ermengarde,Kanter,78,Female
Bronson,Peltzer,10,Male
Neysa,Christophers,10,Female
Waylen,Cheel,21,Male
Flossy,Doddemeede,27,Female
Viola,Siely,24,Female
Viva,Andrez,70,Female
Fernando,Wagerfield,99,Male
Val,Avent,81,Male
Geoffrey,Piscopello,96,Male
Terrel,Welsby,18,Male
Sanson,Hast,14,Male
Piper,Tather,14,Female
Liva,Winyard,66,Female
Kenyon,Morrid,61,Male
Morgana,Gehringer,74,Female
Margarete,Blaxill,54,Female
Ernesta,Matteuzzi,9,Female
Oswell,Peters,47,Male
Umeko,Walster,20,Female
Quint,Dyche,84,Male
Doralia,Bygrave,43,Female
Kimball,Dudgeon,97,Male
Ragnar,Blanchard,6,Male
Pattin,Bugdall,90,Male
Sib,Landsbury,84,Female
Babita,Ughini,31,Female
Lenci,Walburn,37,Male
Ardenia,Beausang,66,Female
Cornell,Margetts,21,Male
Corabel,Dogerty,99,Female
Whitaker,Coulton,68,Male
Corrine,Tincombe,29,Female
Terrill,Ogilvy,7,Male
Lowe,Siddele,79,Male
Carter,Aspenlon,33,Male
Winny,Beszant,41,Male
Leodora,Stannering,100,Female
Tyler,Rootham,72,Male
Hulda,Desorts,82,Female
Tracey,Brookes,16,Male
Casar,Culpin,8,Male
Alfons,Corkitt,58,Male
Lydie,Gammie,20,Female
Ferdinande,Weepers,83,Female
Krishna,Deekes,88,Male
Loretta,Lauderdale,1,Female
Desirae,Truelock,25,Female
Cal,Black,36,Male
Hilary,Brauner,49,Female
Judie,Coen,59,Female
Kenna,Mibourne,50,Female
Sharleen,Burnyeat,74,Female
Barth,Rudolph,65,Male
Nap,Toulamain,30,Male
Sarge,Lyal,12,Male
Quintus,Bilsborrow,15,Male
Culver,O'Donnelly,72,Male
Bonita,Castaignet,26,Female
Bud,Smitherman,83,Male
Anatollo,Eyree,95,Male
Stanly,McQuillin,2,Male
Addy,Allain,11,Male
Bendicty,Chellingworth,69,Male
Rubi,Jeffree,74,Female
Irv,Brumen,24,Male
Gerome,MacCambridge,96,Male
Jenelle,Janicki,91,Female
Susy,Snufflebottom,19,Female
Gav,Stothert,62,Male
Alexandro,Jantzen,86,Male
Flossi,Alexis,83,Female
Berkie,Meininking,28,Male
Yvonne,McElvogue,62,Female
Ruby,Owthwaite,97,Female
Jean,Hicks,29,Male
Leonidas,Stratley,67,Male
Georas,Banfill,48,Male
Alison,Wisniewski,50,Female
Eli,Quartly,47,Male
Penny,Alldread,45,Male
Rudolfo,Salvadori,97,Male
Shannen,Calvard,78,Female
Hobie,Alfwy,41,Male
Nate,Ciccetti,17,Male
Clarissa,Wright,31,Female
Merell,Sant,45,Male
Foss,Clift,75,Male
Anet,Waiton,80,Female
Emilie,Toye,11,Female
Tab,Pirie,83,Male
Manny,Rodolfi,63,Male
Ariadne,Lever,31,Female
Lizzie,Rosevear,27,Female
Westley,Camoletto,21,Male
Meredeth,Haskew,83,Male
Demetris,Broune,82,Male
Kipper,Pirson,52,Male
Estevan,Croom,4,Male
Gwendolin,Imesen,38,Female
Doy,Laible,79,Male
Paige,Folomkin,37,Male
Tamas,Weddup,44,Male
Chic,Crowd,97,Male
Rora,Button,53,Female
Wilbert,Yellowlees,58,Male
Nannie,McArte,67,Female
Hi,Shevell,66,Male
Janaye,Scates,20,Female
Tersina,Crossfield,45,Female
Philbert,Rens,49,Male
Susana,Fevier,41,Female
Davidson,Caldera,17,Male
Chiarra,Dietzler,26,Female
Percival,Batterson,51,Male
Jean,Rahlof,95,Male
Brit,Drydale,42,Female
Clem,Hrycek,23,Male
Kessia,Joy,74,Female
Kaspar,Aubrun,16,Male
Terri,Mabbett,52,Female
Bary,Oldam,42,Male
Franky,Densham,62,Male
Dorise,Jain,62,Female
De,Hackworthy,60,Female
Dusty,Stirzaker,98,Female
Rahal,Joblin,100,Female
Basil,Thay,95,Male
Yolande,Ellett,95,Female
Sapphira,Chaffin,83,Female
Ambur,Bengtsen,26,Female
Darlleen,Climo,81,Female
Melosa,Readwood,50,Female
Reggie,Sayes,20,Male
Ania,Camies,99,Female
Tonya,Spinella,55,Female
Yolande,Stansall,18,Female
Charline,Spira,31,Female
Kirbee,Spata,46,Female
Mercy,Killingworth,58,Female
Johna,Scrannage,66,Female
Mada,Mountjoy,54,Female
Nana,Haigh,46,Female
Loydie,Dillow,1,Male
Odetta,Heineken,22,Female
Bruis,Pitway,1,Male
Rorke,Ticic,51,Male
Onfre,Garforth,32,Male
Terri-jo,de Nore,76,Female
Zorana,Alabone,39,Female
Jo-ann,McKinnon,44,Female
Craggy,Pawlett,62,Male
Derward,Shaefer,45,Male
Aidan,Wanden,29,Female
Lee,Andres,88,Female
Bevvy,Canham,23,Female
Lenee,Comberbach,49,Female
Trista,Reeks,70,Female
Martynne,Fere,96,Female
Hewet,Picker,11,Male
Pernell,Drage,24,Male
Nikki,Beals,52,Male
Gilbertine,Tiffany,95,Female
Yetta,O'Doireidh,45,Female
Berkie,Scrine,81,Male
Fawn,Keymer,19,Female
Kermy,Pykerman,90,Male
Karilynn,Lappin,19,Female
Diena,Kornel,67,Female
Giselbert,Giorgio,17,Male
Donia,Noteyoung,69,Female
Paolo,Girardy,33,Male
Ermentrude,Circuit,24,Female
Tammara,Massimo,79,Female
Sherye,Dunbabin,30,Female
Ranna,Cashell,83,Female
Howey,Grummitt,40,Male
Broddie,Tourville,98,Male
Deeanne,MacAndrew,33,Female
Franz,Inott,63,Male
Fidole,Napthine,95,Male
Karil,Jellman,97,Female
Bob,Eastcourt,29,Male
Cordie,Vesty,47,Male
Tera,Wase,57,Female
Farlay,Karlolczak,20,Male
Lyndsie,Bolley,58,Female
Dael,Gawler,17,Female
Rafe,Venour,60,Male
Lynsey,Cossell,24,Female
Nero,Fontel,47,Male
Shannah,Matfin,69,Female
L;urette,Velareal,25,Female
Sharai,Gottelier,39,Female
Bartel,Ree,87,Male
Virgina,Endrizzi,64,Female
Sheelagh,O'Loughnan,6,Female
Nydia,McLafferty,79,Female
Raviv,Organ,21,Male
Ernestine,Corley,89,Female
Gilbert,Christofides,88,Male
Barrie,Epine,69,Male
Jerrie,Gallon,17,Female
Bartram,Lewisham,68,Male
Bertrando,Widdows,40,Male
Garner,Titlow,15,Male
Reggie,Durrell,40,Male
Babbie,Kinnar,55,Female
Hastie,Peregrine,71,Male
Dirk,Burnsyde,47,Male
Westleigh,Alloway,95,Male
Hyacinth,Marples,61,Female
Lion,Robiot,28,Male
Calv,Weafer,90,Male
Johannes,Orton,6,Male
Shae,Scuse,2,Male
Sutton,Zumbusch,20,Male
Holden,Etoile,94,Male
Aeriel,Lillecrap,10,Female
Demeter,Simmonds,94,Female
Lurette,Jellyman,34,Female
Kristi,Maddyson,67,Female
Morgan,Coldicott,49,Male
Richie,Labbet,7,Male
Jeanna,Sarra,76,Female
Timoteo,Offield,83,Male
Ricoriki,Jobern,38,Male
Blondy,Hadgkiss,12,Female
Langsdon,Benardeau,1,Male
Fredra,Richardes,95,Female
Courtenay,Jolland,31,Female
Celeste,O' Liddy,20,Female
Hester,Collingdon,10,Female
Owen,Foskett,43,Male
Catriona,Rosenboim,50,Female
Devland,Kernocke,24,Male
Tedmund,Timlett,2,Male
Tucker,Makey,76,Male
Marnie,Mallia,79,Female
Derrek,Vain,89,Male
Ward,Ribey,50,Male
Nani,Kear,27,Female
Fax,Mullins,31,Male
Agna,Winchester,51,Female
Kessiah,Ruperti,11,Female
Basile,MacShirrie,11,Male
Babette,Keling,95,Female
Ferdie,Rahill,91,Male
Lelia,Beneze,93,Female
Lurleen,Spencers,47,Female
Leopold,Oakenfall,5,Male
Leo,Wringe,28,Male
Wendy,Kwietek,92,Female
Sergio,Hewell,7,Male
Ephrayim,Tripony,21,Male
Justinn,Kingaby,36,Female
Jard,Switsur,7,Male
Callean,Pauletti,62,Male
Siusan,Clougher,72,Female
Gerta,McCrae,60,Female
Maggy,Insoll,79,Female
Mack,Darben,39,Male
Dodie,MacNeilage,44,Female
Cassandre,Shuxsmith,18,Female
Sally,Marty,2,Female
Dian,Lumb,77,Female
Laure,McGaughie,56,Female
Drake,Mulhill,90,Male
Townsend,Petrussi,49,Male
Mordy,Bosley,65,Male
Elaina,Sive,65,Female
Emylee,Le Noire,3,Female
Minetta,Goodliffe,74,Female
Amandi,Rosle,4,Female
Dinny,Turfin,85,Female
Layney,Rubberts,99,Female
Maggi,Aslott,17,Female
Barclay,Snawdon,44,Male
Ranna,Fudger,27,Female
Giavani,Saur,95,Male
Nevile,Barnewille,44,Male
Nev,Quinlan,1,Male
Kele,Bowller,38,Male
Ephrem,Tadgell,6,Male
Merv,Tiffin,32,Male
Dana,Scramage,67,Female
Alina,Hankins,6,Female
Wayland,Lightwing,33,Male
Debra,Thornley,69,Female
Ianthe,Giorgio,81,Female
Sybyl,Fogg,85,Female
Ab,Duff,83,Male
Costanza,Kiljan,40,Female
Marybelle,Le Barr,6,Female
Candi,Pennycuick,33,Female
Esteban,Chasmer,41,Male
Berkley,Airds,93,Male
Tiffanie,Merfin,52,Female
Palmer,Burman,44,Male
Archambault,Barby,19,Male
Julina,Davidovsky,41,Female
Sinclare,Toner,18,Male
Job,Children,62,Male
Will,Doghartie,12,Male
Margarete,Loosmore,5,Female
Craggy,Shalloe,94,Male
Darrelle,Attride,84,Female
Fania,Sheddan,55,Female
Eugen,Moynihan,52,Male
Lizzie,Valentinuzzi,35,Female
Waldon,O'Dunneen,7,Male
Gabriellia,Higford,59,Female
Alonzo,Baldelli,21,Male
Eloisa,Ingraham,88,Female
Tani,Crawford,64,Female
Winonah,Hitschke,12,Female
Rozanna,Buxcy,9,Female
Massimo,Phayre,12,Male
Scarlet,Schumacher,28,Female
Anne-corinne,Matterson,50,Female
Marji,Bosden,25,Female
Vinny,Razoux,61,Female
Trefor,Losano,69,Male
Mina,Orleton,71,Female
Sonja,Doxey,41,Female
Lew,Armfield,35,Male
Fons,Denisovo,35,Male
Aldo,Varney,59,Male
Odetta,Heighton,94,Female
Carlin,Weathers,94,Male
Dedra,Curragh,15,Female
Misha,Ference,24,Female
Kessia,Rosnau,77,Female
Marabel,Torres,14,Female
Tomasine,Buckston,83,Female
Laney,Farrah,52,Male
Marlo,Cino,47,Female
Lilith,Wicks,96,Female
Brandy,Lithgow,64,Male
Guss,Scapens,82,Male
Nester,Vinas,32,Male
Jim,Upcraft,100,Male
Geraldine,Steabler,23,Female
Salome,Fish,81,Female
Alvan,Lerhinan,30,Male
Malinda,Hammarberg,70,Female
Margaux,Buckthorpe,65,Female
Tannie,Beddingham,84,Male
Dareen,Island,30,Female
Tito,Kesey,58,Male
Sammy,Adame,28,Male
Andrus,Hankinson,61,Male
Karola,Dallimare,40,Female
Imojean,Spillane,74,Female
Ignaz,Aughtie,39,Male
Ellwood,Searight,83,Male
Henri,Parslow,35,Male
Robin,Spilling,55,Male
Lyndell,Millen,9,Female
Nathan,Throssell,28,Male
Christal,Hatherill,33,Female
